Id,Venue,LocationOrder,competition,ENG Description,FRA Description,POR Description,SPA Description,ENG longdescription,FRA longdescription,POR longdescription,SPA longdescription,Source,Sub-Locations
A01,OLS,1,Y,Olympic Stadium - Road Events,Stade Olympique - Route,Estádio Olímpico-Eventos rua,Estadio Olímpico-Eventos ruta,Olympic Stadium - Road Events,Stade Olympique - Évènement sur route,Estádio Olímpico - Eventos de rua,Estadio Olímpico - Eventos de ruta,OLSAT1,
A02,OLS,2,Y,Olympic Stadium - Track Events,Stade Olympique - Piste,Estádio Olímpico-Eventos pista,Estadio Olímpico-Eventos pista,Olympic Stadium - Track Events,Stade Olympique - Évènement sur piste,Estádio Olímpico - Eventos de pista,Estadio Olímpico - Eventos de pista,OLSAT1,
A03,OLS,3,Y,Olympic Stadium - High Jump 1,Stade Olympique-Saut hauteur 1,Estádio Olímpico-Altura 1,Estadio Olímpico - Salto alt 1,Olympic Stadium - High Jump 1,Stade Olympique - Saut en hauteur 1,Estádio Olímpico - Salto em altura 1,Estadio Olímpico - Salto de altura 1,OLSAT1,
A04,OLS,4,Y,Olympic Stadium - High Jump 2,Stade Olympique-Saut hauteur 2,Estádio Olímpico-Altura 2,Estadio Olímpico - Salto alt 2,Olympic Stadium - High Jump 2,Stade Olympique - Saut en hauteur 2,Estádio Olímpico - Salto em altura 2,Estadio Olímpico - Salto de altura 2,OLSAT1,
A05,OLS,5,Y,Olympic Stadium - Horiz Jump 1,Stade Olympique-Longueur 1,Estádio Olímpico-Horizontais 1,Estadio Olímpico-Saltos hor. 1,Olympic Stadium - Horizontal Jumps 1,Stade Olympique - Saut en longueur 1,Estádio Olímpico - Saltos horizontais 1,Estadio Olímpico - Saltos horizontales 1,OLSAT1,
A06,OLS,6,Y,Olympic Stadium - Horiz Jump 2,Stade Olympique-Longueur 2,Estádio Olímpico-Horizontais 2,Estadio Olímpico-Saltos hor. 2,Olympic Stadium - Horizontal Jumps 2,Stade Olympique - Saut en longueur 2,Estádio Olímpico - Saltos horizontais 2,Estadio Olímpico - Saltos horizontales 2,OLSAT1,
A07,OLS,7,Y,Olympic Stadium - Pole Vault 1,Stade Olympique - Perche 1,Estádio Olímpico-Salto vara 1,Estadio Olímpico-Salto gar. 1,Olympic Stadium - Pole Vault 1,Stade Olympique - Perche 1,Estádio Olímpico - Salto com vara 1,Estadio Olímpico - Salto con garrocha 1,OLSAT1,
A08,OLS,8,Y,Olympic Stadium - Pole Vault 2,Stade Olympique - Perche 2,Estádio Olímpico-Salto vara 2,Estadio Olímpico-Salto gar. 2,Olympic Stadium - Pole Vault 2,Stade Olympique - Perche 2,Estádio Olímpico - Salto com vara 2,Estadio Olímpico - Salto con garrocha 2,OLSAT1,
A09,OLS,9,Y,Olympic Stadium - Shot Put 1,Stade Olympique-Lancer poids 1,Estádio Olímpico - Peso 1,Estadio Olímpico - Lanz bala 1,Olympic Stadium - Shot Put 1,Stade Olympique - Lancer de poids 1,Estádio Olímpico - Arremesso do peso 1,Estadio Olímpico - Lanzamiento de bala 1,OLSAT1,
A10,OLS,10,Y,Olympic Stadium - Shot Put 2,Stade Olympique-Lancer poids 2,Estádio Olímpico - Peso 2,Estadio Olímpico - Lanz bala 2,Olympic Stadium - Shot Put 2,Stade Olympique - Lancer de poids 2,Estádio Olímpico - Arremesso do peso 2,Estadio Olímpico - Lanzamiento de bala 2,OLSAT1,
A11,OLS,11,Y,Olympic Stadium - Long Throws,Stade Olympique - Lancer,Estádio Olímpico - Arremessos,Estadio Olímpico-Lanzamientos,Olympic Stadium - Long Throws,Stade Olympique - Lancer,Estádio Olímpico - Arremessos,Estadio Olímpico - Lanzamientos,OLSAT1,
A12,PON,12,Y,Pontal - Race walk,Pontal - Marche,Pontal - Marcha atlética,Pontal - Marcha atlética,Pontal - Race walk,Pontal - Marche,Pontal - Marcha atlética,Pontal - Marcha atlética,PONAT1,
A13,SBD,13,Y,Sambódromo - Marathon,Sambódromo - Marathon,Sambódromo - Maratona,Sambódromo - Maratón,Sambódromo - Marathon,Sambódromo - Marathon,Sambódromo - Maratona,Sambódromo - Maratón,SBDAT1,
A20,OLS,,N,Olympic Stadium Warm-Up Track,OLS - échauffement -athlétisme,Olympic Stadium Warm-Up Track,Olympic Stadium Warm-Up Track,Olympic Stadium Warm - Up Track,Stade Olympique - échauffement - athlétisme,Olympic Stadium Warm - Up Track,Olympic Stadium Warm - Up Track,,
A21,AFU,,N,Air Force Univ. -Track & Jumps,AFU - athlétisme et sauts,Air Force Univ. -Track & Jumps,Air Force Univ. -Track & Jumps,Air Force University - Track & Jumps,Université de l'armée de l'air-athlétisme et sauts,Air Force University - Track & Jumps,Air Force University - Track & Jumps,,
A22,AFU,,N,Air Force Univ. - Throws,Uni armée de l'air - lancer,Air Force Univ. - Throws,Air Force Univ. - Throws,Air Force University - Throws,Université de l'armée de l'air - lancer,Air Force University - Throws,Air Force University - Throws,,
A23,AFU,,N,Air Force Univ. - Marathon,Uni armée de l'air - marathon,Air Force Univ. - Marathon,Air Force Univ. - Marathon,Air Force University - Marathon,Université de l'armée de l'air - marathon,Air Force University - Marathon,Air Force University - Marathon,,
A24,AFU,,N,Air Force Univ. - Race Walk,Uni armée de l'air - marche,Air Force Univ. - Race Walk,Air Force Univ. - Race Walk,Air Force University - Race Walk,Université de l'armée de l'air - marche,Air Force University - Race Walk,Air Force University - Race Walk,,
A25,AFC,,N,Air Force Club - Track & Jumps,Club aéro.-athlétisme et sauts,Air Force Club - Track & Jumps,Air Force Club - Track & Jumps,Air Force Club - Track & Jumps,Club aéronautique - athlétisme et sauts,Air Force Club - Track & Jumps,Air Force Club - Track & Jumps,,
AB3,AB3,,N,Army Barracks 3,Casernes,31º GAC,Cuarteles Militares 3,Army Barracks 3,Casernes,31º GAC,Cuarteles Militares 3,,
ACS,ACS,,N,Anacleto Campanella Stad,Stade Anacleto Campanella,Anacleto Campanella Stad,Anacleto Campanella Stad,Anacleto Campanella Stadium,Stade Anacleto Campanella,Anacleto Campanella Stadium,Anacleto Campanella Stadium,,
AFC,AFC,,N,Air Force Club,Club aéronautique,Clube de Aeronáutica,Club de Aeronáutica,Air Force Club,Club aéronautique,Clube de Aeronáutica,Club de Aeronáutica,,
AFU,AFU,,N,Air Force University,Univ. de l'armée de l'air,Universid. da Força Aérea,Universidad Fuerza Aérea,Air Force University (UNIFA),Université de l'armée de l'air (UNIFA),Universidade da Força Aérea(UNIFA),Universidad de la Fuerza Aérea (UNIFA),,
AMC,AMC,,N,Alt Main Operation Centre,2e Ctre princ. opérations,Ctr Principal de Ops Alt,Ctro Principal de Op. Alt,Alternative Main Operation Centre,2e Centre principal des opérations,Centro Principal de Operações Alternativo,Centro Principal de Operaciones Alternativo,,
AMZ,AMZ,,Y,Amazônia Arena,Arena da Amazônia,Arena da Amazônia,Arena da Amazônia,Amazônia Arena,Arena da Amazônia,Arena da Amazônia,Arena da Amazônia,AMZFB1,
AQC,AQC,,Y,Maria Lenk Aquatics Centre,Centre Aquatique Maria Lenk,Centro Aquático Maria Lenk,Centro Acuático Maria Lenk,Maria Lenk Aquatics Centre,Centre Aquatique Maria Lenk,Centro Aquático Maria Lenk,Centro Acuático Maria Lenk,,
AR1,SBD,1,Y,Sambódromo - AR Ranking Range,Sambódromo - AR classement,Sambódromo-AR Classificatória,Sambódromo - AR campo clasif.,Sambódromo - AR Ranking Range Field,Sambódromo - AR stand du tour de classement,Sambódromo - AR Campo da Rodada Classificatória,Sambódromo - AR campo de tiro clasificación,SBDAR1,
AR2,SBD,2,Y,Sambódromo - AR Elimination,Sambódromo - AR élimination,Sambódromo - AR Eliminatórias,Sambódromo - AR campo elimin.,Sambódromo - AR Elimination Range,Sambódromo - AR stand d'élimination,Sambódromo - AR Campo das Rodadas Eliminatórias,Sambódromo - AR campo de tiro eliminatorias,SBDAR1,
B00,BVA,1,Y,Beach Volleyball Arena-Centre,A. de Volleyball de Plage -Ctr,A. de Vôlei de Praia - Qdr Ctr,Arena de Vóley-Playa - Central,Beach Volleyball Arena - Centre Court,Arène de Volleyball de Plage - Court central,Arena de Vôlei de Praia - Quadra Central,Arena de Vóley-Playa - Cancha central,BVABV1,
B01,BVA,2,Y,Beach Volleyball Arena - Crt 1,A. de Volleyball de Plage-Crt1,Arena de Vôlei de Praia - Qdr1,Arena de Vóley-Playa -Cancha 1,Beach Volleyball Arena - Court 1,Arène de Volleyball de Plage - Court nº1,Arena de Vôlei de Praia - Quadra 1,Arena de Vóley-Playa - Cancha 1,BVABV1,
B02,BVA,3,Y,Beach Volleyball Arena - Crt 2,A. de Volleyball de Plage-Crt2,Arena de Vôlei de Praia - Qdr2,Arena de Vóley-Playa -Cancha 2,Beach Volleyball Arena - Court 2,Arène de Volleyball de Plage - Court nº2,Arena de Vôlei de Praia - Quadra 2,Arena de Vóley-Playa - Cancha 2,BVABV1,
BAS,BAS,,N,Barradão Stadium,Stade Barradão (Salvador),Estádio Barradão,Estadio Barradão,Barradão Stadium (Salvador),Stade Barradão (Salvador),Estádio Barradão (Salvador),Estadio Barradão,,
BD1,RC4,1,Y,Riocentro - Pavilion 4-Crt 1,Riocentro - Pavillion 4-Crt 1,Riocentro - Pavilhão 4 - Qdr 1,Riocentro-Pabellón 4-Cancha 1,Riocentro - Pavilion 4 - Court 1,Riocentro - Pavillion 4 - Court nº1,Riocentro - Pavilhão 4 - Quadra 1,Riocentro - Pabellón 4 - Cancha 1,RC4BD1,
BD2,RC4,2,Y,Riocentro - Pavilion 4-Crt 2,Riocentro - Pavillion 4-Crt 2,Riocentro - Pavilhão 4 - Qdr 2,Riocentro-Pabellón 4-Cancha 2,Riocentro - Pavilion 4 - Court 2,Riocentro - Pavillion 4 - Court nº2,Riocentro - Pavilhão 4 - Quadra 2,Riocentro - Pabellón 4 - Cancha 2,RC4BD1,
BD3,RC4,3,Y,Riocentro - Pavilion 4-Crt 3,Riocentro - Pavillion 4-Crt 3,Riocentro - Pavilhão 4 - Qdr 3,Riocentro-Pabellón 4-Cancha 3,Riocentro - Pavilion 4 - Court 3,Riocentro - Pavillion 4 - Court nº3,Riocentro - Pavilhão 4 - Quadra 3,Riocentro - Pabellón 4 - Cancha 3,RC4BD1,
BD4,RC4,,N,Riocentro - Pav 4-Training Crt,RC4 - court d'entrainement ,Riocentro - Pav 4-Training Crt,Riocentro - Pav 4-Training Crt,Riocentro - Pavilion 4 - Training Court,Riocentro - pavillion 4 - court d'entrainement ,Riocentro - Pavillion 4 - Training Court,Riocentro - Pavillion 4 - Training Court,,
BDS,BDS,,N,Bruno José Daniel Stadium,Stade Bruno José Daniel,Bruno José Daniel Stadium,Bruno José Daniel Stadium,Bruno José Daniel Stadium,Stade Bruno José Daniel,Bruno José Daniel Stadium,Bruno José Daniel Stadium,,
BK1,CA1,1,Y,Carioca Arena 1 - Basketball,Aréna Carioca 1 - Basketball,Arena Carioca 1 - Basquetebol,Arena Carioca 1 - Baloncesto,Carioca Arena 1 - Basketball,Aréna Carioca 1 - Basketball,Arena Carioca 1 - Basquetebol,Arena Carioca 1 - Baloncesto,CA1BK1,
BK2,YOA,2,Y,Youth Arena - Basketball,Arène de la Jeunesse - BK,Arena da Juventude-Basquetebol,Ar. de la Juventud- Baloncesto,Youth Arena - Basketball,Arène de la Jeunesse - Basketball,Arena da Juventude - Basquetebol,Arena de la Juventud - Baloncesto,YOABK1,
BK3,CA1,,N,Carioca Arena 1 - Warm Up,Halle Carioca 1 - échauffement,Carioca Arena 1 - Warm Up,Carioca Arena 1 - Warm Up,Carioca Arena 1 - Warm Up,Halle Carioca 1 - échauffement,Carioca Arena 1 - Warm Up,Carioca Arena 1 - Warm Up,,
BK4,YOA,,N,Youth Arena - Warm Up,YOA - échauffement,Youth Arena - Warm Up,Youth Arena - Warm Up,Youth Arena - Warm Up,Halle de la jeunesse - échauffement,Youth Arena - Warm Up,Youth Arena - Warm Up,,
BMX,BMX,,Y,Olympic BMX Centre,Centre Olympique de BMX,Centro Olímpico de BMX,Centro Olímpico de BMX,Olympic BMX Centre,Centre Olympique de BMX,Centro Olímpico de BMX,Centro Olímpico de BMX,BMXCB1,
BSB,BSB,,N,Brasília Intl Airport,Aéroport inter. Brasília,Aeroporto Int de Brasília,Aeropuerto Int. Brasília,Brasília International Airport,Aéroport international de Brasília,Aeroporto Internacional de Brasília,Aeropuerto Internacional de Brasília,,
BV1,BV1,,N,Barra ACM Village 1,Village de Barra 1,Vila de ACM da Barra 1,Villa de Acom. Barra 1,Barra Accommodation Village 1,Village de Barra 1,Vila de Acomodações da Barra 1,Villa de Acomodaciones de Barra 1,,
BV2,BV2,,N,Barra ACM Village 2,Village de Barra 2,Vila de ACM da Barra 2,Villa de Acom. Barra 2,Barra Accommodation Village 2,Village de Barra 2,Vila de Acomodações da Barra 2,Villa de Acomodaciones de Barra 2,,
BV3,BV3,,N,Barra ACM Village 3,Village de Barra 3,Vila de ACM da Barra 3,Villa de Acom. Barra 3,Barra Accommodation Village 3,Village de Barra 3,Vila de Acomodações da Barra 3,Villa de Acomodaciones de Barra 3,,
BVA,BVA,,Y,Beach Volleyball Arena,Arène de Volleyball de Plage,Arena de Vôlei de Praia,Arena de Vóley-Playa,Beach Volleyball Arena,Arène de Volleyball de Plage,Arena de Vôlei de Praia,Arena de Vóley-Playa,BVABV1,
BVO,BVO,,N,Brasil Vale Ouro,Brasil Vale Ouro,Brasil Vale Ouro,Brasil Vale Ouro,Brasil Vale Ouro,Brasil Vale Ouro,Brasil Vale Ouro,Brasil Vale Ouro,,
BX1,RC6,1,Y,Riocentro - Pavilion 6,Riocentro - Pavillion 6,Riocentro - Pavilhão 6,Riocentro - Pabellón 6,Riocentro - Pavilion 6,Riocentro - Pavillion 6,Riocentro - Pavilhão 6,Riocentro - Pabellón 6,RC6BX1,
BX2,RC5,,N,Riocentro - Pavilion 5 - BX,Riocentro - pavilion 5 -boxing,Riocentro - Pavilion 5 - BX,Riocentro - Pavilion 5 - BX,Riocentro - Pavilion 5 - Boxing,Riocentro - pavilion 5 - boxing,Riocentro - Pavilion 5 - Boxing,Riocentro - Pavilion 5 - Boxing,,
BZS,BZS,,N,Bezerrão Stadium,Stade Bezerrão (Brasília),Estádio Bezerrão,Estadio Bezerrão,Bezerrão Stadium (Brasília),Stade Bezerrão (Brasília),Estádio Bezerrão (Brasília),Estadio Bezerrão (Brasília),,
CA1,CA1,,Y,Carioca Arena 1,Aréna Carioca 1,Arena Carioca 1,Arena Carioca 1,Carioca Arena 1,Aréna Carioca 1,Arena Carioca 1,Arena Carioca 1,CA1BK1,
CA2,CA2,,Y,Carioca Arena 2,Aréna Carioca 2,Arena Carioca 2,Arena Carioca 2,Carioca Arena 2,Aréna Carioca 2,Arena Carioca 2,Arena Carioca 2,,
CA3,CA3,,Y,Carioca Arena 3,Aréna Carioca 3,Arena Carioca 3,Arena Carioca 3,Carioca Arena 3,Aréna Carioca 3,Arena Carioca 3,Arena Carioca 3,,
CAS,CAS,,N,Cidade das Artes,Cité des Arts,Cidade das Artes,Ciudad de las Artes,Cidade das Artes,Cité des Arts,Cidade das Artes,Ciudad de las Artes,,
CB1,BMX,1,Y,Olympic BMX Centre,Centre Olympique de BMX,Centro Olímpico de BMX,Centro Olímpico de BMX,Olympic BMX Centre,Centre Olympique de BMX,Centro Olímpico de BMX,Centro Olímpico de BMX,BMXCB1,
CF1,LAG,1,Y,Lagoa Stadium - Canoe Sprint,Stade de Lagoa - CS,Estádio da Lagoa - CS,Estadio de Lagoa - CF,Lagoa Stadium - Canoe Sprint,"Stade de Lagoa - Canoë-kayak, course en ligne",Estádio da Lagoa - Canoagem Velocidade,Estadio de Lagoa - Canotaje de velocidad,LAGCF1,
CF2,LAG,,N,Lagoa Stadium - Warm Up,Stade de Lagoa - échauffement,Lagoa Stadium - Warm Up,Lagoa Stadium - Warm Up,Lagoa Stadium - Warm Up,Stade de Lagoa - échauffement,Lagoa Stadium - Warm Up,Lagoa Stadium - Warm Up,,
CF3,LAG,,N,Lagoa Stadium-Canoe Trn Course,LAG - parcours d'entrainement,Lagoa Stadium-Canoe Trn Course,Lagoa Stadium-Canoe Trn Course,Lagoa Stadium - Canoe Trn Course,Stade de Lagoa - parcours d'entrainement de canoe,Lagoa Stadium - Canoe Trn Course,Lagoa Stadium - Canoe Trn Course,,
CFZ,CFZ,,N,Zico Football Trn Site,Site d'entrainement Zico,Zico Football Trn Site,Zico Football Trn Site,Zico Football Training Site,Site d'entrainement Zico Football,Zico Football Training Site,Zico Football Training Site,,
CIG,CIG,,N,Gericinó Instruction Camp,Camp d'entr. Gericinó,Campo Instrução Gericinó,Campo de Instr. Gericinó,Gericinó Instruction Camp Headquarter,Camp d'entraînement militaire de Gericinó,Sede do Campo de Instrução de Gericinó,Sede del Campo de Instrucción de Gericinó,,
CLS,CLS,,N,Colina Stadium,Stade Colina,Colina Stadium,Colina Stadium,Colina Stadium,Stade Colina,Colina Stadium,Colina Stadium,,
CM1,MBT,1,Y,Mountain Bike Centre,Centre de Mountain Bike,Centro de Mountain Bike,Centro de Ciclismo de Montaña,Mountain Bike Centre,Centre de Mountain Bike,Centro de Mountain Bike,Centro de Ciclismo de Montaña,MBTCM1,
CNF,CNF,,N,Confins Intl Airport,Aéroport inter. Confins,Aeroporto Intl de Confins,Aeropuerto Int. Confins,Confins International Airport,Aéroport international de Confins,Aeroporto Internacional de Confins,Aeropuerto Internacional de Confins,,
COR,COR,,N,Rio Operational Centre,Centre opera. de la ville,Centro De Operações Rio,Centro de Operaciones Río,Rio Operational Centre,Centre des operations de la ville,Centro De Operações Rio,Centro de Operaciones de Río,,
CR1,FTC,1,Y,Fort Copacabana - Cycling Road,Fort de Copacabana - CR,Forte de Copacabana - CR,Fuerte de Copacabana - CR,Fort Copacabana - Cycling Road,Fort de Copacabana - Cyclisme sur route,Forte de Copacabana - Ciclismo de Estrada,Fuerte de Copacabana - Ciclismo de ruta,FTCCR1,
CR2,PON,2,Y,Pontal - Cycling Road,Pontal - Cyclisme sur route,Pontal - Ciclismo de Estrada,Pontal - Ciclismo de ruta,Pontal - Cycling Road,Pontal - Cyclisme sur route,Pontal - Ciclismo de Estrada,Pontal - Ciclismo de ruta,PONCR1,
CRS,CRS,,N,Coroado Stadium,Stade Coroado,Coroado Stadium,Coroado Stadium,Coroado Stadium,Stade Coroado,Coroado Stadium,Coroado Stadium,,
CS1,WWS,1,Y,Whitewater Stadium,Stade de Canoë Slalom,Estádio de Canoagem Slalom,Estadio de Canotaje Slalom,Whitewater Stadium,Stade de Canoë Slalom,Estádio de Canoagem Slalom,Estadio de Canotaje Slalom,WWSCS1,
CS2,WWS,,N,WWS - Training Channel,WWS - parcours d'entrainement,WWS - Training Channel,WWS - Training Channel,Whitewater Stadium - Training Channel,Parcours de canoë slalom - parcours d'entrainement, Whitewater Stadium - Training Channel,Whitewater Stadium - Training Channel,,
CT1,ROV,1,Y,Rio Olympic Velodrome,Vélodrome Olympique de Rio,Velódromo Olímpico do Rio,Velódromo Olímpico de Río,Rio Olympic Velodrome,Vélodrome Olympique de Rio,Velódromo Olímpico do Rio,Velódromo Olímpico de Río,ROVCT1,
DAQ,DAQ,,Y,Deodoro Aquatics Centre,Centre Aquatique de Deodoro,Centro Aquático de Deodoro,Centro Acuático de Deodoro,Deodoro Aquatics Centre,Centre Aquatique de Deodoro,Centro Aquático de Deodoro,Centro Acuático de Deodoro,DAQMP1,
DAV,DAV,,N,Deodoro ACM Village,Village de Deodoro,Vila de ACM de Deodoro,Villa de Acom. Deodoro,Deodoro Accommodation Village,Village de Deodoro,Vila de Acomodações de Deodoro,Villa de Acomodaciones de Deodoro,,
DCD,DCD,,N,Deodoro Common Domain,Zone publique de Deodoro,Área Comum de Deodoro,Espacio Común de Deodoro,Deodoro Common Domain,Zone publique de Deodoro,Área Comum de Deodoro,Espacio Común de Deodoro,,
DES,DES,,Y,Deodoro Stadium,Stade de Deodoro,Estádio de Deodoro,Estadio de Deodoro,Deodoro Stadium,Stade de Deodoro,Estádio de Deodoro,Estadio de Deodoro,,
DF3,DF3,,N,Abadiao Stadium,Stade Abadiao,Abadiao Stadium,Abadiao Stadium,Abadiao Stadium,Stade Abadiao,Abadiao Stadium,Abadiao Stadium,,
DUD,DUD,,N,Deodoro Urban Domain,Zone Urbaine de Deodoro,Área Urbana de Deodoro,Espacio Urbano de Deodoro,Deodoro Urban Domain,Zone Urbaine de Deodoro,Área Urbana de Deodoro,Espacio Urbano de Deodoro,,
DV1,AQC,1,Y,Maria Lenk Aquatics - Diving,Centre Aquatique Maria Lenk,Centro Aquático Maria Lenk,Maria Lenk - Clavados,Maria Lenk Aquatics Centre - Diving Pool,Centre Aquatique Maria Lenk,Centro Aquático Maria Lenk - Piscina de Saltos,Centro Acuático Maria Lenk - Piscina de Clavados,AQCDV1,
EQ1,EQC,1,Y,Olympic Equestrian - Dressage,Olympique Équitation -Dressage,Ctr Olímpico de Hipismo -Ades.,C. O. Ecuestre-Adiestramiento,Olympic Equestrian Centre - Dressage Arena,Centre Olympique d´Équitation - Dressage,Centro Olímpico de Hipismo - Arena de Adestramento,Centro Olímpico Ecuestre - Arena de Adiestramiento,EQCEQ1,
EQ2,EQC,2,Y,Olympic Equestrian - XC Course,Olympique d´Équitation - CC,Ctr Olímpico de Hipismo - CCE,C. O. Ecuestre-Cross country,Olympic Equestrian Centre - Cross Country Course,Centre Olympique d´Équitation - Cross country,Centro Olímpico de Hipismo - CCE,Centro Olímpico Ecuestre - Recorrido Cross country,EQCEQ1,
EQ3,EQC,3,Y,Olympic Equestrian - Jumping,Olympique d´Équitation - Saut,Ctr Olímpico de Hipismo-Saltos,C. O. Ecuestre-Salto,Olympic Equestrian Centre - Jumping Arena,Centre Olympique d´Équitation - Saut,Centro Olímpico de Hipismo - Arena de Saltos,Centro Olímpico Ecuestre - Arena de Salto,EQCEQ1,
EQC,EQC,,Y,Olympic Equestrian Centre,Centre Olympique d´Équitation,Centro Olímpico de Hipismo,Centro Olímpico Ecuestre,Olympic Equestrian Centre,Centre Olympique d´Équitation,Centro Olímpico de Hipismo,Centro Olímpico Ecuestre,EQCEQ1,
F01,TR2,,N,Toca da Raposa 1,Toca da Raposa 1,Toca da Raposa 1,Toca da Raposa 1,Toca da Raposa 1,Toca da Raposa 1,Toca da Raposa 1,Toca da Raposa 1,,
F02,TR2,,N,Toca da Raposa 2,Toca da Raposa 2,Toca da Raposa 2,Toca da Raposa 2,Toca da Raposa 2,Toca da Raposa 2,Toca da Raposa 2,Toca da Raposa 2,,
F03,LDT,,N,Lanna Drumond Training Center,Ctr de formation Lanna Drumond,Lanna Drumond Training Center,Lanna Drumond Training Center,Lanna Drumond Training Center,Centre de formation Lanna Drumond,Lanna Drumond Training Center,Lanna Drumond Training Center,,
F04,SVN,,N,SESC Venda Nova,SESC Venda Nova,SESC Venda Nova,SESC Venda Nova,SESC Venda Nova,SESC Venda Nova,SESC Venda Nova,SESC Venda Nova,,
F05,DF3,,N,Abadiao Stadium,Stade d'Abadiao,Abadiao Stadium,Abadiao Stadium,Abadiao Stadium,Stade d'Abadiao,Abadiao Stadium,Abadiao Stadium,,
F06,OFS,,N,Antonio Otoni Filho Stad-CAVE,Stade Antonio Otoni Filho-CAVE,Antonio Otoni Filho Stad-CAVE,Antonio Otoni Filho Stad-CAVE,Antonio Otoni Filho Stad-CAVE,Stade Antonio Otoni Filho - CAVE,Antonio Otoni Filho Stad-CAVE,Antonio Otoni Filho Stad-CAVE,,
F07,FPT,,N,Physical Trn Ctr Brasilia,Ctr d'édu physique de Brasilia,Physical Trn Ctr Brasilia,Physical Trn Ctr Brasilia,Physical Training Centre Brasilia,Centre d'éducation physique de Brasilia,Physical Training Centre Brasilia,Physical Training Centre Brasilia,,
F08,CLS,,N,Colina Stadium,Stade Colina,Colina Stadium,Colina Stadium,Colina Stadium,Stade Colina,Colina Stadium,Colina Stadium,,
F09,CRS,,N,Coroado Stadium,Stade Coroado,Coroado Stadium,Coroado Stadium,Coroado Stadium,Stade Coroado,Coroado Stadium,Coroado Stadium,,
F10,TM3,,N,SESI Manaus Training Site,Site entrainement SESI Manaus,SESI Manaus Training Site,SESI Manaus Training Site,SESI Manaus Training Site,Site d'entrainement SESI Manaus,SESI Manaus Training Site,SESI Manaus Training Site,,
F11,CFZ,,N,Zico Football Training Site,Site d'entrainement Zico FB,Zico Football Training Site,Zico Football Training Site,Zico Football Training Site,Site d'entrainement Zico Football,Zico Football Training Site,Zico Football Training Site,,
F12,FTS,,N,George Helal Training Site 1,George Helal 1,George Helal Training Site 1,George Helal Training Site 1,George Helal Training Site 1,Site d'entrainement George Helal 1,George Helal Training Site 1,George Helal Training Site 1,,
F13,FTS,,N,George Helal Training Site 2,George Helal 2,George Helal Training Site 2,George Helal Training Site 2,George Helal Training Site 2,Site d'entrainement George Helal 2,George Helal Training Site 2,George Helal Training Site 2,,
F14,OLS,,N,Olympic Stadium - Warm-Up - FB,OLS - échauffement - football,Olympic Stadium - Warm-Up - FB,Olympic Stadium - Warm-Up - FB,Olympic Stadium - Warm-Up - Football,Stade olympique - échauffement - football,Olympic Stadium - Warm-Up - Football,Olympic Stadium - Warm-Up - Football,,
F15,BAS,,N,Barradão Stadium 1,Stade Barradão 1,Barradão Stadium 1,Barradão Stadium 1,Barradão Stadium 1,Stade Barradão 1,Barradão Stadium 1,Barradão Stadium 1,,
F16,BAS,,N,Barradão Stadium 2,Stade Barradão 2,Barradão Stadium 2,Barradão Stadium 2,Barradão Stadium 2,Stade Barradão 2,Barradão Stadium 2,Barradão Stadium 2,,
F17,MSJ,,N,Mata de São João Training Site,Mata de São João,Mata de São João Training Site,Mata de São João Training Site,Mata de São João Training Site,Site d'entrainement Mata de São João,Mata de São João Training Site,Mata de São João Training Site,,
F18,PMS,,N,Primeiro de Maio Stadium,Stade Primeiro de Maio,Primeiro de Maio Stadium,Primeiro de Maio Stadium,Primeiro de Maio Stadium,Stade Primeiro de Maio,Primeiro de Maio Stadium,Primeiro de Maio Stadium,,
F19,ACS,,N,Anacleto Campanella Stadium,Stade Anacleto Campanella,Anacleto Campanella Stadium,Anacleto Campanella Stadium,Anacleto Campanella Stadium,Stade Anacleto Campanella,Anacleto Campanella Stadium,Anacleto Campanella Stadium,,
F20,BDS,,N,Bruno José Daniel Stadium,Stade Bruno José Daniel,Bruno José Daniel Stadium,Bruno José Daniel Stadium,Bruno José Daniel Stadium,Stade Bruno José Daniel,Bruno José Daniel Stadium,Bruno José Daniel Stadium,,
F21,PSJ,,N,Parque São Jorge,Parc São Jorge,Parque São Jorge,Parque São Jorge,Parque São Jorge,Parc São Jorge,Parque São Jorge,Parque São Jorge,,
FB1,MRC,1,Y,Maracanã - FB,Maracanã - FB,Maracanã - FB,Maracanã - FB,Maracanã - Football,Maracanã - Football,Maracanã - Futebol,Maracanã - Fútbol,MRCFB1,
FB2,MGA,2,Y,Mané Garrincha Stadium - FB,Stade Mané Garrincha - FB,Estádio Mané Garrincha - FB,Estadio Mané Garrincha - FB,Mané Garrincha Stadium - Football,Stade Mané Garrincha - Football,Estádio Mané Garrincha - Futebol,Estadio Mané Garrincha - Fútbol,MGAFB1,
FB3,MIN,3,Y,Mineirão - FB,Mineirão - FB,Mineirão - FB,Mineirão - FB,Mineirão - Football,Mineirão - Football,Mineirão - Futebol,Mineirão - Fútbol,MINFB1,
FB4,FNA,4,Y,Fonte Nova Arena - FB,Arène Fonte Nova - FB,Arena Fonte Nova - FB,Arena Fonte Nova - FB,Fonte Nova Arena - Football,Arène Fonte Nova - Football,Arena Fonte Nova - Futebol,Arena Fonte Nova - Fútbol,FNAFB1,
FB5,SPA,5,Y,Corinthians Arena - FB,Stade des Corinthians - FB,Arena Corinthians - FB,Arena Corinthians - FB,Corinthians Arena - Football,Stade des Corinthians - Football,Arena Corinthians - Futebol,Arena Corinthians - Fútbol,SPAFB1,
FB6,AMZ,6,Y,Amazônia Arena - FB,Arena da Amazônia - FB,Arena da Amazônia - FB,Arena da Amazônia - FB,Amazônia Arena - Football,Arena da Amazônia - Football,Arena da Amazônia - Futebol,Arena da Amazônia - Fútbol,AMZFB1,
FB7,OLS,7,Y,Olympic Stadium - FB,Stade Olympique - FB,Estádio Olímpico - FB,Estadio Olímpico - FB,Olympic Stadium - Football,Stade Olympique - Football,Estádio Olímpico - Futebol,Estadio Olímpico - Fútbol,OLSFB1,
FE1,RC5,,N,Riocentro - Pavilion 5 - FE,Riocentro - pavilion 5-escrime,Riocentro - Pavilion 5 - FE,Riocentro - Pavilion 5 - FE,Riocentro - Pavilion 5 - Fencing,Riocentro - pavilion 5 - escrime,Riocentro - Pavilion 5 - Fencing,Riocentro - Pavilion 5 - Fencing,,
FEA,CA3,5,Y,Carioca Arena 3-FE Finals Pist,Aréna Carioca 3-FE Piste Final,Arena Carioca 3-FE Pista Finai,Arena Carioca 3-FE Pista fin.,Carioca Arena 3 - Fencing Finals Piste,Aréna Carioca 3 - Escrime Piste Finale,Arena Carioca 3 - Esgrima Pista das Finais,Arena Carioca 3 - Esgrima Pista de las finales,CA3FE1,
FEB,CA3,1,Y,Carioca Arena 3-FE Blue Piste,Aréna Carioca 3-FE Piste Bleue,Arena Carioca 3-FE Pista Azul,Arena Carioca 3-FE Pista azul,Carioca Arena 3 - Fencing Blue Piste,Aréna Carioca 3 - Escrime Piste Bleue,Arena Carioca 3 - Esgrima Pista Azul,Arena Carioca 3 - Esgrima Pista azul,CA3FE1,
FEG,CA3,3,Y,Carioca Arena 3-FE Green Piste,Aréna Carioca 3-FE Piste Verte,Arena Carioca 3-FE Pista Verde,Arena Carioca 3-FE Pista verde,Carioca Arena 3 - Fencing Green Piste,Aréna Carioca 3 - Escrime Piste Verte,Arena Carioca 3 - Esgrima Pista Verde,Arena Carioca 3 - Esgrima Pista verde,CA3FE1,
FER,CA3,4,Y,Carioca Arena 3-FE Red Piste,Aréna Carioca 3-FE Piste Rouge,Arena Carioca 3-FE Pista Verme,Arena Carioca 3-FE Pista roja,Carioca Arena 3 - Fencing Red Piste,Aréna Carioca 3 - Escrime Piste Rouge,Arena Carioca 3 - Esgrima Pista Vermelha,Arena Carioca 3 - Esgrima Pista roja,CA3FE1,
FEY,CA3,2,Y,Carioca Arena 3-FE Yellow Pist,Aréna Carioca 3-FE Piste Jaune,Arena Carioca 3-FE Pista Amare,Arena Carioca 3-FE Pista amar.,Carioca Arena 3 - Fencing Yellow Piste,Aréna Carioca 3 - Escrime Piste Jaune,Arena Carioca 3 - Esgrima Pista Amarela,Arena Carioca 3 - Esgrima Pista amarilla,CA3FE1,
FH1,FH1,,N,Hotel FB - Belo Horizonte,Hôtel FB - Belo Horizonte,Hotel FB - Belo Horizonte,Hotel FB - Belo Horizonte,Football City Hotel - Belo Horizonte,Hôtel - Ville Belo Horizonte (rencontres football),Hotel da Cidade do Futebol - Belo Horizonte,Hotel de la Ciudad del Fútbol - Belo Horizonte,,
FH2,FH2,,N,Hotel FB - Brasília,Hôtel FB - Brasília,Hotel FB - Brasília,Hotel FB - Brasília,Football City Hotel - Brasília,Hôtel - Ville de Brasília (rencontres de football),Hotel da Cidade do Futebol - Brasília,Hotel de la Ciudad del Fútbol - Brasília,,
FH3,FH3,,N,Hotel FB - Salvador,Hôtel FB - Salvador,Hotel FB - Salvador,Hotel FB - Salvador,Football City Hotel - Salvador,Hôtel - Ville de Salvador (rencontres de football),Hotel da Cidade do Futebol - Salvador,Hotel de la Ciudad del Fútbol - Salvador,,
FH4,FH4,,N,Hotel FB - São Paulo,Hôtel FB - São Paulo,Hotel FB - São Paulo,Hotel FB - São Paulo,Football City Hotel - São Paulo,Hôtel -Ville de São Paulo (rencontres de football),Hotel da Cidade do Futebol - São Paulo,Hotel de la Ciudad del Fútbol - São Paulo,,
FH5,FH5,,N,Hotel FB - Manaus,Hôtel FB - Manaus,Hotel FB - Manaus,Hotel FB - Manaus,Football City Hotel - Manaus,Hôtel - Ville de Manaus (rencontres de football),Hotel da Cidade do Futebol - Manaus,Hotel de la Ciudad del Fútbol - Manaus,,
FNA,FNA,,Y,Fonte Nova Arena,Arène Fonte Nova,Arena Fonte Nova,Arena Fonte Nova,Fonte Nova Arena,Arène Fonte Nova,Arena Fonte Nova,Arena Fonte Nova,FNAFB1,
FPT,FPT,,N,Physical Trn Ctr Brasilia,Ctre pr physique Brasília,Ctr. Cap. Física Brasília,Ctro Entr Físico Brasília,Fireman Physical Training Centre (Brasília),Ctre préparation physique des pompiers (Brasília),Centro Capacitação Física dos Bombeiros (Brasília),Centro Entrenamiento Físico de Bomberos (Brasília),,
FTA,FTA,,Y,Future Arena,Arène du Futur,Arena do Futuro,Arena del Futuro,Future Arena,Arène du Futur,Arena do Futuro,Arena del Futuro,FTAHB1,
FTC,FTC,,Y,Fort Copacabana,Fort de Copacabana,Forte de Copacabana,Fuerte de Copacabana,Fort Copacabana,Fort de Copacabana,Forte de Copacabana,Fuerte de Copacabana,,
FTS,FTS,,N,George Helal Trn Site,Site d'entra George Helal,George Helal Trn Site,George Helal Trn Site,George Helal Training Site,Site d'entrainement George Helal,George Helal Training Site,George Helal Training Site,,
FUR,FUR,,N,Federal University of Rio,Univ. Fédérale de Rio,Universidade Federal Rio,Univ. Federal de Río,Federal University of Rio de Janeiro,Université Fédérale de Rio de Janeiro,Universidade Federal do Rio de Janeiro (UFRJ),Universidad Federal de Río de Janeiro (UFRJ),,
G01,OVP,,N,Athletes' Park MAG Hall 1,Parc des athletes MAG halle 1,Athletes' Park MAG Hall 1,Athletes' Park MAG Hall 1,Athletes' Park MAG Hall 1,Parc des athletes MAG halle 1,Athletes' Park MAG Hall 1,Athletes' Park MAG Hall 1,,
G02,OVP,,N,Athletes' Park MAG Hall 2,Parc des athletes MAG halle 2,Athletes' Park MAG Hall 2,Athletes' Park MAG Hall 2,Athletes' Park MAG Hall 2,Parc des athletes MAG halle 2,Athletes' Park MAG Hall 2,Athletes' Park MAG Hall 2,,
G03,OVP,,N,Athletes' Park WAG Hall 3,Parc des athletes WAG halle 3,Athletes' Park WAG Hall 3,Athletes' Park WAG Hall 3,Athletes' Park WAG Hall 3,Parc des athletes WAG halle 3,Athletes' Park WAG Hall 3,Athletes' Park WAG Hall 3,,
G04,OVP,,N,Athletes' Park WAG Hall 4,Parc des athletes WAG halle 4,Athletes' Park WAG Hall 4,Athletes' Park WAG Hall 4,Athletes' Park WAG Hall 4,Parc des athletes WAG halle 4,Athletes' Park WAG Hall 4,Athletes' Park WAG Hall 4,,
G05,OVP,,N,Athletes' Park GT,Parc des athletes - trampoline,Athletes' Park GT,Athletes' Park GT,Athletes' Park Gymnastic c,Parc des athletes - trampoline,Athletes' Park Gymnastic c,Athletes' Park Gymnastic c,,
G06,OVP,,N,Athletes' Park GR Hall 1,Parc des athletes - GR halle 1,Athletes' Park GR Hall 1,Athletes' Park GR Hall 1,Athletes' Park Rhythmic Gymnastics Hall 1,Parc des athletes - gymnastique rythmique halle 1,Athletes' Park Rhythmic Gymnastics Hall 1,Athletes' Park Rhythmic Gymnastics Hall 1,,
G07,OVP,,N,Athletes' Park GR Hall 2,Parc des athletes - GR halle 2,Athletes' Park GR Hall 2,Athletes' Park GR Hall 2,Athletes' Park Rhythmic Gymnastics Hall 2,Parc des athletes - gymnastique rythmique halle 2,Athletes' Park Rhythmic Gymnastics Hall 2,Athletes' Park Rhythmic Gymnastics Hall 2,,
G08,OVP,,N,Athletes' Park GR Hall 3,Parc des athletes - GR halle 3,Athletes' Park GR Hall 3,Athletes' Park GR Hall 3,Athletes' Park Rhythmic Gymnastics Hall 3,Parc des athletes - gymnastique rythmique halle 3,Athletes' Park Rhythmic Gymnastics Hall 3,Athletes' Park Rhythmic Gymnastics Hall 3,,
G09,ROA,,N,ROA Overlay GR Hall 4, Halle olympique Rio-GR halle4,ROA Overlay GR Hall 4,ROA Overlay GR Hall 4,ROA Overlay Rhythmic Gymnastics Hall 4,ROA - gymnastique rythmique halle 4,ROA Overlay Rhythmic Gymnastics Hall 4,ROA Overlay Rhythmic Gymnastics Hall 4,,
G10,ROA,,N,ROA Overlay GR Hall 5, Halle olympique Rio-GR halle5,ROA Overlay GR Hall 5,ROA Overlay GR Hall 5,ROA Overlay Rhythmic Gymnastics Hall 5,ROA - gymnastique rythmique halle 5,ROA Overlay Rhythmic Gymnastics Hall 5,ROA Overlay Rhythmic Gymnastics Hall 5,,
G11,ROA,,N,ROA Overlay GR Hall 6, Halle olympique Rio-GR halle6,ROA Overlay GR Hall 6,ROA Overlay GR Hall 6,ROA Overlay Rhythmic Gymnastics Hall 6,ROA - gymnastique rythmique halle 6,ROA Overlay Rhythmic Gymnastics Hall 6,ROA Overlay Rhythmic Gymnastics Hall 6,,
G12,ROA,,N,ROA Warm up Hall GT,ROA halle d'échauffement - GR,ROA Warm up Hall GT,ROA Warm up Hall GT,ROA Warm up Hall Rhythmic Gymnastics,ROA halle d'échauffement - gymnastique rythmique,ROA Warm up Hall Rhythmic Gymnastics,ROA Warm up Hall Rhythmic Gymnastics,,
G13,ROA,,N,ROA Warm up Hall MAG,ROA halle d'échauffement MAG,ROA Warm up Hall MAG,ROA Warm up Hall MAG,ROA Warm up Hall MAG,ROA halle d'échauffement MAG,ROA Warm up Hall MAG,ROA Warm up Hall MAG,,
G14,ROA,,N,ROA Warm up Hall WAG,ROA halle d'échauffement WAG,ROA Warm up Hall WAG,ROA Warm up Hall WAG,ROA Warm up Hall WAG,ROA halle d'échauffement WAG,ROA Warm up Hall WAG,ROA Warm up Hall WAG,,
G15,ROA,,N,ROA Warm up GR Hall Final,ROA halle d'échauffement - GR,ROA Warm up GR Hall Final,ROA Warm up GR Hall Final,ROA Warm up GR Hall Final,ROA halle d'échauffement - gymnastique rythmique,ROA Warm up GR Hall Final,ROA Warm up GR Hall Final,,
GA1,ROA,1,Y,Rio Olympic Arena-GA Floor,Rio Olympic Arena-GA Sol,Rio Olympic Arena-GA Solo,Ar. Olímpica de Río-GA Suelo,Rio Olympic Arena - GA Floor,Rio Olympic Arena - GA Exercices au sol,Rio Olympic Arena - GA Solo,Arena Olímpica de Río - GA Suelo,ROAGA1,
GA2,ROA,2,Y,Rio Olympic Arena-GA Pommel Ho,Rio Olympic Arena-GA Cheval d,Rio Olympic Arena-GA Cavalo,Ar. Olímpica de Río-GA Caballo,Rio Olympic Arena - GA Pommel Horse,Rio Olympic Arena - GA Cheval d'arçons,Rio Olympic Arena - GA Cavalo,Arena Olímpica de Río - GA Caballo con arzones,ROAGA1,
GA3,ROA,3,Y,Rio Olympic Arena-GA Rings,Rio Olympic Arena-GA Anneaux,Rio Olympic Arena-GA Argolas,Ar. Olímpica de Río-GA Anillas,Rio Olympic Arena - GA Rings,Rio Olympic Arena - GA Anneaux,Rio Olympic Arena - GA Argolas,Arena Olímpica de Río - GA Anillas,ROAGA1,
GA4,ROA,4,Y,Rio Olympic Arena-GA Balance B,Rio Olympic Arena-GA Poutre,Rio Olympic Arena-GA Barra equ,Ar. Olímpica de Río-GA Viga eq,Rio Olympic Arena - GA Balance Beam,Rio Olympic Arena - GA Poutre,Rio Olympic Arena - GA Barra de equilíbrio,Arena Olímpica de Río - GA Viga de equilibrio,ROAGA1,
GA5,ROA,5,Y,Rio Olympic Arena-GA Vault,Rio Olympic Arena GA Cheval sa,Rio Olympic Arena-GA Salto,Ar. Olímpica de Río-GA Salto,Rio Olympic Arena - GA Vault,Rio Olympic Arena - GA Saut de cheval,Rio Olympic Arena - GA Salto,Arena Olímpica de Río - GA Salto,ROAGA1,
GA6,ROA,6,Y,Rio Olympic Arena-GA Parallel,Rio Olympic Arena-GA Barres pa,Rio Olympic Arena-GA Barras pa,Ar. Olímpica de Río-GA B. par.,Rio Olympic Arena - GA Parallel Bar,Rio Olympic Arena - GA Barres parallèles,Rio Olympic Arena - GA Barras paralelas,Arena Olímpica de Río - GA Barras paralelas,ROAGA1,
GA7,ROA,7,Y,Rio Olympic Arena-GA Uneven Ba,Rio Olympic Arena-GA Barre ass,Rio Olympic Arena-GA Barra ass,Ar. Olímpica de Río-GA B. asi.,Rio Olympic Arena - GA Uneven Bars,Rio Olympic Arena - GA Barres asymétriques,Rio Olympic Arena - GA Barras assimétricas,Arena Olímpica de Río - GA Barras asimétricas,ROAGA1,
GA8,ROA,8,Y,Rio Olympic Arena-GA Horizonta,Rio Olympic Arena-GA Barre fix,Rio Olympic Arena-GA Barra fix,Ar. Olímpica de Río-GA B. fija,Rio Olympic Arena - GA Horizontal Bar,Rio Olympic Arena - GA Barre fixe,Rio Olympic Arena - GA Barra fixa,Arena Olímpica de Río - GA Barra fija,ROAGA1,
GAM,ROA,9,Y,Rio Olympic Arena - GA Men,Rio Olympic Arena - GA Hommes,Rio Olympic Arena-GA Masculino,Ar. Olímpica de Río-GA Masc.,Rio Olympic Arena - GA Men's competition,Rio Olympic Arena - GA Hommes,Rio Olympic Arena - GA Masculino,Arena Olímpica de Río - GA Competencia masculina,ROAGA1,"GA1,GA2,GA3,GA5,GA6,GA8"
GAW,ROA,10,Y,Rio Olympic Arena - GA Women,Rio Olympic Arena - GA Femmes,Rio Olympic Arena-GA Feminino,Ar. Olímpica de Río-GA Fem.,Rio Olympic Arena - GA Women's competition,Rio Olympic Arena - GA Femmes,Rio Olympic Arena - GA Feminino,Arena Olímpica de Río - GA Competencia femenina,ROAGA1,"GA1,GA4,GA5,GA7"
GIG,GIG,,N,Tom Jobim Intl Airport,Aéroport Inter. Tom Jobim,Aeroporto Intl Tom Jobim,Aeropuerto Int. Tom Jobim,Tom Jobim International Airport,Aéroport International Tom Jobim,Aeroporto Internacional Tom Jobim,Aeropuerto Internacional Tom Jobim,,
GLO,GLO,,Y,Marina da Glória,Marina da Glória,Marina da Glória,Marina da Glória,Marina da Glória,Marina da Glória,Marina da Glória,Marina da Glória,GLOSA1,
GO1,OGC,1,Y,Olympic Golf Course,Parcours Olympique de Golf,Campo Olímpico de Golfe,Campo Olímpico de Golf,Olympic Golf Course,Parcours Olympique de Golf,Campo Olímpico de Golfe,Campo Olímpico de Golf,OGCGO1,
GO2,OGC,,N,Olympic Golf Course - Training,OGC - parcours d'échauffement,Olympic Golf Course - Training,Olympic Golf Course - Training,Olympic Golf Course - Training,Parcours olympique de golf - échauffement,Olympic Golf Course - Training,Olympic Golf Course - Training,,
GR1,ROA,1,Y,Rio Olympic Arena - GR,Arène Olympique de Rio - GR,Arena Olímpica do Rio - GR,Arena Olímpica de Río - GR,Rio Olympic Arena - Rhythmic Gymnastics,Arène Olympique de Rio - Gymnastique rythmique,Arena Olímpica do Rio - Ginástica Rítmica,Arena Olímpica de Río - Gimnasia rítmica,ROAGR1,
GRA,GRA,,N,Grooms Accommodation,Hébergement palefreniers,Acomodação dos Tratadores,Acomodación palafreneros,Grooms Accommodation,Hébergement des palefreniers,Acomodação dos Tratadores,Acomodación de los palafreneros,,
GRU,GRU,,N,Guarulhos Intl Airport,Aéroport inter. Guarulhos,Aeroporto Intl Guarulhos,Aeropuerto Int. Guarulhos,Guarulhos International Airport,Aéroport international de Guarulhos,Aeroporto Internacional de Guarulhos,Aeropuerto Internacional de Guarulhos,,
GT1,ROA,1,Y,Rio Olympic Arena - GT,Arène Olympique de Rio - GT,Arena Olímpica do Rio - GT,Arena Olímpica de Río - GT,Rio Olympic Arena - Trampoline Gymnastics,Arène Olympique de Rio - Trampoline,Arena Olímpica do Rio - Ginástica de Trampolim,Arena Olímpica de Río - Gimnasia en trampolín,ROAGT1,
HB1,FTA,1,Y,Future Arena,Arène du Futur,Arena do Futuro,Arena del Futuro,Future Arena,Arène du Futur,Arena do Futuro,Arena del Futuro,FTAHB1,
HB2,FTA,,N,Future Arena - Warm Up Court,FTA - court d'échauffement,Future Arena - Warm Up Court,Future Arena - Warm Up Court,Future Arena - Warm Up Court,Halle du futur - court d'échauffement,Future Arena - Warm Up Court,Future Arena - Warm Up Court,,
HB3,OVP,,N,Athletes' Park - Court 1,Parc des athletes - court 1,Athletes' Park - Court 1,Athletes' Park - Court 1,Athletes' Park - Court 1,Parc des athletes - court 1,Athletes' Park - Court 1,Athletes' Park - Court 1,,
HB4,OVP,,N,Athletes' Park - Court 2,Parc des athletes - court 2,Athletes' Park - Court 2,Athletes' Park - Court 2,Athletes' Park - Court 2,Parc des athletes - court 2,Athletes' Park - Court 2,Athletes' Park - Court 2,,
HB5,OVP,,N,Athletes' Park - Court 3,Parc des athletes - court 3,Athletes' Park - Court 3,Athletes' Park - Court 3,Athletes' Park - Court 3,Parc des athletes - court 3,Athletes' Park - Court 3,Athletes' Park - Court 3,,
HO1,OHK,1,Y,Olympic Hockey Centre - Pitch1,Centre Olymp. Hockey-Terrain1,Centro Olímpico Hóquei-Campo 1,Ctro Olímpico Hockey - campo 1,Olympic Hockey Centre - Hockey Pitch 1,Centre Olympique de Hockey - Hockey Terrain 1,Centro Olímpico Hóquei-Hóquei sobre Grama Campo 1,Centro Olímpico Hockey-Hockey sobre césped campo 1,OHKHO1,
HO2,OHK,2,Y,Olympic Hockey Centre - Pitch2,Centre Olymp. Hockey-Terrain2,Centro Olímpico Hóquei-Campo 2,Ctro Olímpico Hockey - campo 2,Olympic Hockey Centre - Hockey Pitch 2,Centre Olympique de Hockey - Hockey Terrain 2,Centro Olímpico Hóquei-Hóquei sobre Grama Campo 2,Centro Olímpico Hockey-Hockey sobre césped campo 2,OHKHO1,
HO3,OHK,3,Y,Olympic Hockey Centre - Pitch3,Centre Olymp. Hockey-Terrain3,Centro Olímpico Hóquei-Campo 3,Ctro Olímpico Hockey - campo 3,Olympic Hockey Centre - Hockey Pitch 3,Centre Olympique de Hockey - Hockey Terrain 3,Centro Olímpico Hóquei-Hóquei sobre Grama Campo 3,Centro Olímpico Hockey-Hockey sobre césped campo 3,OHKHO1,
HO4,FUR,,N,Federal University of Rio - HO,Uni de Rio de Janeiro - hockey,Federal University of Rio - HO,Federal University of Rio - HO,Federal University of Rio - Hockey,Université fédérale de Rio de Janeiro - hockey,Federal University of Rio - Hockey,Federal University of Rio - Hockey,,
IBC,IBC,,N,Intl Broadcast Centre,Ctre Inter. Radio et TV,Centro Intl Radiodifusão,Ctro Int. Radiodifusión,International Broadcast Centre (IBC),Ctre International de Radio et Télévision (CIRTV),Centro Internacional de Radiodifusão (IBC),Centro Internacional de Radiodifusión (IBC),,
INS,INS,,N,Independência Stadium-BH,Stade Independência (BH),Estádio Independência-BH,Estadio Independência-BH,Independência Stadium (Belo Horizonte),Stade Independência (Belo Horizonte),Estádio Independência (Belo Horizonte),Estadio Independência (Belo Horizonte),,
JU1,CA2,1,Y,Carioca Arena 2 - Judo Mat 1,Aréna Carioca 2 - Judo Tapis 1,Arena Carioca 2-Judô Tatame 1,Arena Carioca 2- Judo Tatami 1,Carioca Arena 2 - Judo Mat 1,Aréna Carioca 2 - Judo Tapis 1,Arena Carioca 2 - Judô Tatame 1,Arena Carioca 2 - Judo Tatami 1,CA2JU1,
JU2,CA2,2,Y,Carioca Arena 2 - Judo Mat 2,Aréna Carioca 2 - Judo Tapis 2,Arena Carioca 2-Judô Tatame 2,Arena Carioca 2- Judo Tatami 2,Carioca Arena 2 - Judo Mat 2,Aréna Carioca 2 - Judo Tapis 2,Arena Carioca 2 - Judô Tatame 2,Arena Carioca 2 - Judo Tatami 2,CA2JU1,
JU3,OVP,,N,Athletes' Park - JU,Parc des athletes - judo,Athletes' Park - JU,Athletes' Park - JU,Athletes' Park - Judo,Parc des athletes - judo,Athletes' Park - Judo,Athletes' Park - Judo,,
LAG,LAG,,Y,Lagoa Stadium,Stade de Lagoa,Estádio da Lagoa,Estadio de Lagoa,Lagoa Stadium,Stade de Lagoa,Estádio da Lagoa,Estadio de Lagoa,,
LDT,LDT,,N,Lanna Drumond Trn Center,Ctr de form Lanna Drumond,Lanna Drumond Trn Center,Lanna Drumond Trn Center,Lanna Drumond Training Center,Centre de formation Lanna Drumond,Lanna Drumond Training Center,Lanna Drumond Training Center,,
MAO,MAO,,N,Manaus Intl Airport,Aéroport inter. de Manaus,Aeroporto Intl Manaus,Aeropuerto Int. de Manaus,Manaus International Airport,Aéroport international de Manaus,Aeroporto Internacional de Manaus,Aeropuerto Internacional de Manaus,,
MBT,MBT,,Y,Mountain Bike Centre,Centre de Mountain Bike,Centro de Mountain Bike,Centro de Ciclismo de Montaña,Mountain Bike Centre,Centre de Mountain Bike,Centro de Mountain Bike,Centro de Ciclismo de Montaña,MBTCM1,
MCD,MCD,,N,Maracanã Common Domain,Zone publique de Maracanã,Área Comum do Maracanã,Espacio Común Maracanã,Maracanã Common Domain,Zone publique de Maracanã,Área Comum do Maracanã,Espacio Común del Maracanã,,
MGA,MGA,,Y,Mané Garrincha Stadium,Stade Mané Garrincha,Estádio Mané Garrincha,Estadio Mané Garrincha,Mané Garrincha Stadium,Stade Mané Garrincha,Estádio Mané Garrincha,Estadio Mané Garrincha,MGAFB1,
MIN,MIN,,Y,Mineirão,Mineirão,Mineirão,Mineirão,Mineirão,Mineirão,Mineirão,Mineirão,MINFB1,
MNZ,MNZ,,Y,Maracanãzinho,Maracanãzinho,Maracanãzinho,Maracanãzinho,Maracanãzinho,Maracanãzinho,Maracanãzinho,Maracanãzinho,MNZVO1,
MOC,MOC,,N,Main Operations Centre,Ctre Principal Opérations,Ctr. Principal Operações,Ctro Principal de Op.,Main Operations Centre,Centre Principal des Opérations,Centro Principal de Operações,Centro Principal de Operaciones,,
MP1,DAQ,1,Y,Deodoro Aquatics Centre - MP,Centre Aquatique Deodoro - MP,Centro Aquático Deodoro - MP,Centro Acuático de Deodoro-MP,Deodoro Aquatics Centre - Modern Pentathlon,Centre Aquatique de Deodoro - Pentathlon moderne,Centro Aquático de Deodoro - Pentatlo Moderno,Centro Acuático de Deodoro - Pentatlón moderno,DAQMP1,
MP2,DES,2,Y,Deodoro Stadium - MP,Stade de Deodoro - MP,Estádio de Deodoro - MP,Estadio de Deodoro - MP,Deodoro Stadium - Modern Pentathlon,Stade de Deodoro - Pentathlon moderne,Estádio de Deodoro - Pentatlo Moderno,Estádio de Deodoro - Pentatlón moderno,DESMP1,
MP3,YOA,3,Y,Youth Arena - MP,Arène de Jeunesse - MP,Arena da Juventude - MP,Arena de la Juventud - MP,Youth Arena - Modern Pentathlon,Arène de la Jeunesse - Pentathlon moderne,Arena da Juventude - Pentatlo Moderno,Arena de la Juventud - Pentatlón moderno,YOAMP1,
MP4,CIG,,N,Gerinicó Instruction Camp,Camp d'instrcution Gerinic,Gerinicó Instruction Camp,Gerinicó Instruction Camp,Gerinicó Instruction Camp,Camp d'instrcution Gerinic,Gerinicó Instruction Camp,Gerinicó Instruction Camp,,
MPC,MPC,,N,Main Press Centre (MPC),Ctre Princ. Presse (CPP),Ctr Principal de Imprensa,Ctro Princ. Prensa (MPC),Main Press Centre (MPC),Centre Principal de Presse (CPP),Centro Principal de Imprensa (MPC),Centro Principal de Prensa (MPC),,
MRC,MRC,,Y,Maracanã,Maracanã,Maracanã,Maracanã,Maracanã,Maracanã,Maracanã,Maracanã,MRCFB1,
MSJ,MSJ,,N,Mata de São João Trn Site,Mata de São João,Mata de São João Trn Site,Mata de São João Trn Site,Mata de São João Training Site,Site d'entrainement Mata de São João,Mata de São João Training Site,Mata de São João Training Site,,
MUL,MUL,,N,Multiple Venues,Site multiples,Multiple Venues,Multiple Venues,Multiple Venues,Site multiples,Multiple Venues,Multiple Venues,,
OAS,OAS,,Y,Olympic Aquatics Stadium,Stade Aquatique Olympique,Estádio Aquático Olímpico,Estadio Acuático Olímpico,Olympic Aquatics Stadium,Stade Aquatique Olympique,Estádio Aquático Olímpico,Estadio Acuático Olímpico,,
OF2,OF2,,N,Olympic Family Hotel 2,Hôtel 2 famille olympique,Hotel Família Olímpica 2,Hotel Familia Olímpica 2,Olympic Family Hotel 2 - Windsor Barra & Oceânico,Hôtel 2 famille olympique - Windsor Barra&Oceânico,Hotel Fam Olímp 2 - Windsor Barra&Windsor Oceânico,Hotel Fam. Olímpica 2 - Windsor Barra & Oceânico,,
OF3,OF3,,N,IOC Staff Hotel,Hôtel du personnel du CIO,Hotel Funcionários do COI,Hotel del Personal COI,IOC Staff Hotel - Novotel Barra,Hôtel du personnel du CIO - Novotel Barra,Hotel dos Funcionários do COI - Novotel Barra,Hotel del Personal del COI - Novotel Barra,,
OFH,OFH,,N,Main Olympic Family Hotel,Hôtel princ fam olympique,Hotel Princ Família Olímp,Hotel Princ Fam. Olímpica,Main Olympic Family Hotel - Windsor Marapendi,Hôtel principal fam. olympique - Windsor Marapendi,Hotel Princ. Família Olímpica - Windsor Marapendi,Hotel Princ. Familia Olímpica - Windsor Marapendi,,
OFS,OFS,,N,Antonio Otoni Filho Stad,Stade Antonio Otoni Filho,Antonio Otoni Filho Stad,Antonio Otoni Filho Stad,Antonio Otoni Filho Stadium,Stade Antonio Otoni Filho,Antonio Otoni Filho Stadium,Antonio Otoni Filho Stadium,,
OGC,OGC,,Y,Olympic Golf Course,Parcours Olympique de Golf,Campo Olímpico de Golfe,Campo Olímpico de Golf,Olympic Golf Course,Parcours Olympique de Golf,Campo Olímpico de Golfe,Campo Olímpico de Golf,OGCGO1,
OH1,OH1,,N,Olym. Designated Hospital,Hôpital Désigné Olympique,Hosp. Olím. de Referência,Olímp. Hospital Designado,Olympic Designated Hospital,Hôpital Désigné Olympique,Hospital Olímpico de Referência,Olímpico Hospital Designado,,
OH2,OH2,,N,Olympic Hospital 2,Hôpital Olympique 2,Hospital Olímpico 2,Olímpico Hospital 2,Olympic Hospital 2,Hôpital Olympique 2,Hospital Olímpico 2,Olímpico Hospital 2,,
OH3,OH3,,N,Olympic Hospital 3,Hôpital Olympique 3,Hospital Olímpico 3,Olímpico Hospital 3,Olympic Hospital 3,Hôpital Olympique 3,Hospital Olímpico 3,Olímpico Hospital 3,,
OHK,OHK,,Y,Olympic Hockey Centre,Centre Olympique de Hockey,Centro Olímpico de Hóquei,Centro Olímpico de Hockey,Olympic Hockey Centre,Centre Olympique de Hockey,Centro Olímpico de Hóquei,Centro Olímpico de Hockey,OHKHO1,
OLS,OLS,,Y,Olympic Stadium,Stade Olympique,Estádio Olímpico,Estadio Olímpico,Olympic Stadium,Stade Olympique,Estádio Olímpico,Estadio Olímpico,,
OLV,OLV,,N,Olympic&Paralympic Vill,Vil. olympique&paralymp.,Vila Olímpica&Paralímpica,Villa Olímp./Paralímpica,Olympic and Paralympic Village,Village olympique et paralympique,Vila Olímpica e Paralímpica,Villa Olímpica y Paralímpica,,
OSC,OSC,,Y,Olympic Shooting Centre,Centre Olympique de Tir,Centro Olímpico de Tiro,Centro Olímpico de Tiro,Olympic Shooting Centre,Centre Olympique de Tir,Centro Olímpico de Tiro,Centro Olímpico de Tiro,OSCSH1,
OTN,OTN,,Y,Olympic Tennis Centre,Centre Olympique de Tennis,Centro Olímpico de Tênis,Centro Olímpico de Tenis,Olympic Tennis Centre,Centre Olympique de Tennis,Centro Olímpico de Tênis,Centro Olímpico de Tenis,OTNTE1,
OVP,OVP,,N,Athletes' Park,Parc des Athlètes,Parque dos Atletas,Parque de los atletas,Athletes' Park,Parc des Athlètes,Parque dos Atletas,Parque de los atletas,,
OV1,OVP,,N,Plaza,Plaza,Plaza,Plaza,Plaza,Plaza,Plaza,Plaza,,
OV2,OVP,,N,Residential Park,Parc résidentiel,Residential Park,Residential Park,Residential Park,Parc résidentiel,Residential Park,Residential Park,,
OV3,OVP,,N,Plaza and Residential Zone,Plaza et zone résidentielle,Plaza and Residential Zone,Plaza and Residential Zone,Plaza and Residential Zone,Plaza et zone résidentielle,Plaza and Residential Zone,Plaza and Residential Zone,,
OV4,OVP,,N,Residential Zone,Zone résidentielle,Residential Zone,Residential Zone,Residential Zone,Zone résidentielle,Residential Zone,Residential Zone,,
OVB,OVP,,N,Athletes' Park - Basketball,Parc des athletes - basketball,Athletes' Park - Basketball,Athletes' Park - Basketball,Athletes' Park - Basketball,Parc des athletes - basketball,Athletes' Park - Basketball,Athletes' Park - Basketball,,
OW1,FTC,1,Y,Fort Copacabana - OW,Fort de Copacabana - OW,Forte de Copacabana - OW,Fuerte de Copacabana - OW,Fort Copacabana - Marathon Swimming,Fort de Copacabana - Natation de marathon,Forte de Copacabana - Maratonas Aquáticas,Fuerte de Copacabana - Aguas abiertas,FTCOW1,
OW2,AFU,,N,Air Force Univ. -Marathon Swim,Uni armée de l'air - OW,Air Force Univ. -Marathon Swim,Air Force Univ. -Marathon Swim,Air Force University - Marathon Swimming ,Université de l'armée de l'air - natation marathon,Air Force University - Marathon Swimming ,Air Force University - Marathon Swimming ,,
OW3,OVP,,N,Athletes' Park - Marathon Swim,Parc des athletes - OW,Athletes' Park - Marathon Swim,Athletes' Park - Marathon Swim,Athletes' Park - Marathon Swimming,Parc des athletes - natation de marathon,Athletes' Park - Marathon Swimming,Athletes' Park - Marathon Swimming,,
PBS,PBS,,N,Pacaembu Stadium-SP,Stade Pacaembu-São Paulo,Estádio Pacaembu-SP,Estadio Pacaembu-SP,Pacaembu Stadium (São Paulo),Stade Pacaembu (São Paulo),Estádio Pacaembu (São Paulo),Estadio Pacaembu (São Paulo),,
PEC,PEC,,N,Physical Ed. Centre CEFAN,Ctre d'éd. physique CEFAN,Ctr Educação Física CEFAN,Ctro Ed. Física (CEFAN),Navy Physical Education Centre (CEFAN),Centre d'éducation physique Alte A. Nunes (CEFAN),Centro de Educação Físicas (CEFAN),Centro de Educación Física (CEFAN),,
PF2,PF2,,N,Paralympic Family Hotel,Hôtel Fam. Paralympique,Hotel Família Paralímpica,Hotel Familia Paralímpica,Paralympic Family Hotel - Windsor Barra,Hôtel de la Famille Paralympique - Windsor Barra,Hotel da Família Paralímpica - Windsor Barra,Hotel de la Familia Paralímpica - Windsor Barra,,
PFH,PFH,,N,Windsor Oceânico,Windsor Oceânico,Windsor Oceânico,Windsor Oceânico,Main Paralympic Family Hotel - Windsor Oceânico,Hôtel principal fam. paralympique-Windsor Oceânico,Hotel Oficial Família Paralímpica-Windsor Oceânico,Hotel Princ. Fam. Paralímpica - Windsor Oceânico,,
PIS,PIS,,N,Pituaçu Stadium-SA,Stade Pituaçu (Salvador),Estádio Pituaçu-SA,Estadio Pituaçu-SA,Pituaçu Stadium (Salvador),Stade Pituaçu (Salvador),Estádio Pituaçu (Salvador),Estadio Pituaçu (Salvador),,
PMC,PMC,,N,Cruise Accommodations,Terminal maritime,Acomodação de Navios ,Acomodaciones de Navíos,Pier Mauá Cruise Accommodations,Terminal maritime de Pier Mauá,Acomodação de Navios do Pier Mauá,Acomodaciones de Navíos Pier Mauá,,
PMS,PMS,,N,Primeiro de Maio Stadium,Stade Primeiro de Maio,Primeiro de Maio Stadium,Primeiro de Maio Stadium,Primeiro de Maio Stadium,Stade Primeiro de Maio,Primeiro de Maio Stadium,Primeiro de Maio Stadium,,
PON,PON,,Y,Pontal,Pontal,Pontal,Pontal,Pontal,Pontal,Pontal,Pontal,,
PSJ,PSJ,,N,Parque São Jorge,Parc São Jorge,Parque São Jorge,Parque São Jorge,Parque São Jorge,Parc São Jorge,Parque São Jorge,Parque São Jorge,,
RC2,RC2,,Y,Riocentro - Pavilion 2,Riocentro - Pavillion 2,Riocentro - Pavilhão 2,Riocentro - Pabellón 2,Riocentro - Pavilion 2,Riocentro - Pavillion 2,Riocentro - Pavilhão 2,Riocentro - Pabellón 2,RC2WL1,
RC3,RC3,,Y,Riocentro - Pavilion 3,Riocentro - Pavillion 3,Riocentro - Pavilhão 3,Riocentro - Pabellón 3,Riocentro - Pavilion 3,Riocentro - Pavillion 3,Riocentro - Pavilhão 3,Riocentro - Pabellón 3,RC3TT1,
RC4,RC4,,Y,Riocentro - Pavilion 4,Riocentro - Pavillion 4,Riocentro - Pavilhão 4,Riocentro - Pabellón 4,Riocentro - Pavilion 4,Riocentro - Pavillion 4,Riocentro - Pavilhão 4,Riocentro - Pabellón 4,RC4BD1,
RC5,RC5,,N,Riocentro - Pavilion 5,Riocentro - Pavillon 5,Riocentro - Pavilhão 5,Riocentro - Pabellón 5,Riocentro - Pavilion 5,Riocentro - Pavillon 5,Riocentro - Pavilhão 5,Riocentro - Pabellón 5,,
RC6,RC6,,Y,Riocentro - Pavilion 6,Riocentro - Pavillion 6,Riocentro - Pavilhão 6,Riocentro - Pabellón 6,Riocentro - Pavilion 6,Riocentro - Pavillion 6,Riocentro - Pavilhão 6,Riocentro - Pabellón 6,RC6BX1,
RCD,RCD,,N,BPK Common Domain,Zone publique du BPK,Área Comum BPK,Espacio Común BPK,Barra Olympic Park Common Domain,Zone publique du Parc olympique de Barra,Área Comum do Parque Olímpico da Barra,Espacio Común del Parque Olímpico de Barra,,
RHQ,RHQ,,N,Rio 2016 Office,Bureau de Rio 2016,Escritório Rio 2016,Oficina Rio 2016,Rio 2016 Office,Bureau de Rio 2016,Escritório Rio 2016,Oficina Rio 2016,,
RID,RID,,N,Riocentro Common Domain,Zone publique Riocentro,Área Comum do Riocentro,Espacio Común Riocentro,Riocentro Common Domain,Zone publique de Riocentro,Área Comum do Riocentro,Espacio Común de Riocentro,,
RO1,LAG,1,Y,Lagoa Stadium - Rowing,Stade de Lagoa - Aviron,Estádio da Lagoa - Remo,Estadio de Lagoa - Remo,Lagoa Stadium - Rowing,Stade de Lagoa - Aviron,Estádio da Lagoa - Remo,Estadio de Lagoa - Remo,LAGRO1,
ROA,ROA,,Y,Rio Olympic Arena,Arène Olympique de Rio,Arena Olímpica do Rio,Arena Olímpica de Río,Rio Olympic Arena,Arène Olympique de Rio,Arena Olímpica do Rio,Arena Olímpica de Río,,
ROV,ROV,,Y,Rio Olympic Velodrome,Vélodrome Olympique de Rio,Velódromo Olímpico do Rio,Velódromo Olímpico de Río,Rio Olympic Velodrome,Vélodrome Olympique de Rio,Velódromo Olímpico do Rio,Velódromo Olímpico de Río,ROVCT1,
RU1,DES,1,Y,Deodoro Stadium - Rugby Sevens,Stade de Deodoro - Rugby à 7,Estádio de Deodoro-Rugby de 7,Estadio de Deodoro - Rugby,Deodoro Stadium - Rugby Sevens,Stade de Deodoro - Rugby à 7,Estádio de Deodoro - Rugby de 7,Estadio de Deodoro - Rugby a siete,DESRU1,
RU2,FUR,,N,Federal University of Rio - RU,Uni de Rio de Janeiro -rugby,Federal University of Rio - RU,Federal University of Rio - RU,Federal University of Rio - Rugby,Université fédérale de Rio de Janeiro - rugby,Federal University of Rio - Rugby,Federal University of Rio - Rugby,,
RU3,AFC,,N,Air Force Club - Rugby,Club aéronautique - rugby,Air Force Club - Rugby,Air Force Club - Rugby,Air Force Club - Rugby,Club aéronautique - rugby,Air Force Club - Rugby,Air Force Club - Rugby,,
RU4,BVO,,N,Brasil Vale Ouro,Brasil Vale Ouro,Brasil Vale Ouro,Brasil Vale Ouro,Brasil Vale Ouro,Brasil Vale Ouro,Brasil Vale Ouro,Brasil Vale Ouro,,
SA1,GLO,1,Y,Pão de Açúcar,Pão de Açúcar,Pão de Açúcar,Pão de Açúcar,Pão de Açúcar,Pão de Açúcar,Pão de Açúcar,Pão de Açúcar,GLOSA1,
SA2,GLO,2,Y,Ponte,Ponte,Ponte,Ponte,Ponte,Ponte,Ponte,Ponte,GLOSA1,
SA3,GLO,3,Y,Escola Naval,Escola Naval,Escola Naval,Escola Naval,Escola Naval,Escola Naval,Escola Naval,Escola Naval,GLOSA1,
SA4,GLO,4,Y,Copacabana,Copacabana,Copacabana,Copacabana,Copacabana,Copacabana,Copacabana,Copacabana,GLOSA1,
SA5,GLO,5,Y,Niterói,Niterói,Niterói,Niterói,Niterói,Niterói,Niterói,Niterói,GLOSA1,
SA6,GLO,6,Y,Pai,Pai,Pai,Pai,Pai,Pai,Pai,Pai,GLOSA1,
SA7,GLO,7,Y,Aeroporto,Aeroporto,Aeroporto,Aeroporto,Aeroporto,Aeroporto,Aeroporto,Aeroporto,GLOSA1,
SBD,SBD,,Y,Sambódromo,Sambódromo,Sambódromo,Sambódromo,Sambódromo,Sambódromo,Sambódromo,Sambódromo,,
SDU,SDU,,N,Santos Dumont Airport,Aéroport Santos Dumont,Aeroporto Santos Dumont,Aeropuerto Santos Dumont,Santos Dumont Domestic Airport,Aéroport national Santos Dumont,Aeroporto Doméstico Santos Dumont,Aeropuerto Doméstico Santos Dumont,,
SH1,OSC,1,Y,Olympic Shooting - Final Range,Ctr Olympique de Tir - Finales,Centro Olímpico de Tiro-Finais,Centro Olímpico de Tiro-Final,Olympic Shooting Centre-Pistol & Rifle Final Range,Ctr. Olympique de Tir - Finales pistolet et rifle,Centro Olímpico de Tiro - Estande de Finais,Centro Olímpico de Tiro-Pistola/Rifle Campo Final,OSCSH1,
SH2,OSC,2,Y,Olympic Shooting - 10m Range,Centre Olympique de Tir - 10m,Centro Olímpico de Tiro - 10m,Centro Olímpico de Tiro-10m,Olympic Shooting Centre - Pistol & Rifle 10m Range,Centre Olympique de Tir - 10m pistolet et rifle,Centro Olímpico de Tiro - Estande de 10m,Centro Olímpico de Tiro - Pistola/Rifle Campo 10m,OSCSH1,
SH3,OSC,3,Y,Olympic Shooting - 25m Range,Centre Olympique de Tir - 25m,Centro Olímpico de Tiro - 25m,Centro Olímpico de Tiro-25m,Olympic Shooting Centre - Pistol & Rifle 25m Range,Centre Olympique de Tir - 25m pistolet et rifle,Centro Olímpico de Tiro - Estande de 25m,Centro Olímpico de Tiro - Pistola/Rifle Campo 25m,OSCSH1,
SH4,OSC,4,Y,Olympic Shooting - 50m Range,Centre Olympique de Tir - 50m,Centro Olímpico de Tiro - 50m,Centro Olímpico de Tiro-50m,Olympic Shooting Centre - Pistol & Rifle 50m Range,Centre Olympique de Tir - 50m pistolet et rifle,Centro Olímpico de Tiro - Estande de 50m,Centro Olímpico de Tiro - Pistola/Rifle Campo 50m,OSCSH1,
SH5,OSC,5,Y,Olympic Shooting - Shotgun B,Centre Olympique de Tir - prél,Centro Olímpico de Tiro - Qual,Ctro Olímpico de Tiro-Campo B,Olympic Shooting Centre-Shotgun Preliminary RangeB,Ctr Olympique de Tir - Stand de tir au fusil prél.,Centro Olímpico de Tiro - Pedana B,Centro Olímpico de Tiro - Campo prelim. escopeta B,OSCSH1,
SH6,OSC,6,Y,Olympic Shooting-Shotgun Range,Centre Olympique de Tir - prél,Centro Olímpico de Tiro-Pedana,Ctro Olímpico de Tiro-Prelim.,Olympic Shooting Centre - Shotgun Range,Ctr Olympique de Tir - Stand de tir au fusil prél.,Centro Olímpico de Tiro - Pedana,Centro Olímpico de Tiro - Campo prelim. escopeta,OSCSH1,
SH7,OSC,7,Y,Olympic Shooting-Shotgun Final,Ctr Olympique de Tir - Finales,Centro Olímpico de Tiro-Finais,Ctro Olímpico de Tiro-Finales,Olympic Shooting Centre - Shotgun Finals Range,Centre Olympique de Tir - Stand finales fusil,Centro Olímpico de Tiro - Estande de Finais,Centro Olímpico de Tiro - Campo finales escopeta,OSCSH1,
SPA,SPA,,Y,Corinthians Arena,Stade des Corinthians,Arena Corinthians,Arena Corinthians,Corinthians Arena,Stade des Corinthians,Arena Corinthians,Arena Corinthians,SPAFB1,
SSA,SSA,,N,Salvador Intl Airport,Aéroport inter. Salvador,Aeroporto Intl Salvador,Aeropuerto Int. Salvador,Salvador International Airport,Aéroport international de Salvador,Aeroporto Internacional de Salvador,Aeropuerto Internacional de Salvador,,
SVN,SVN,,N,SESC Venda Nova-BH,SESC Venda Nova (BH),SESC Venda Nova-BH,SESC Venda Nova-BH,SESC Venda Nova (Belo Horizonte),SESC Venda Nova (Belo Horizonte),SESC Venda Nova (Belo Horizonte),SESC Venda Nova (Belo Horizonte),,
SW1,OAS,1,Y,Olympic Aquatics Stadium - SW,Stade Aquatique Olympique - SW,Estádio Aquático Olímpico - SW,Estadio Acuático Olímpico - SW,Olympic Aquatics Stadium - Swimming,Stade Aquatique Olympique - Natation,Estádio Aquático Olímpico - Natação,Estadio Acuático Olímpico - Natación,OASSW1,
SW2,OVP,,N,Athletes' Park - Swimming,Parc des athletes - natation,Athletes' Park - Swimming,Athletes' Park - Swimming,Athletes' Park - Swimming,Parc des athletes - natation,Athletes' Park - Swimming,Athletes' Park - Swimming,,
SY1,AQC,1,Y,Maria Lenk Aquatics - Synchro,Ctr Aquatique Maria Lenk -Sync,Ctr Aquático Maria Lenk-sincro,Centro Acuático Maria Lenk-SY,Maria Lenk Aquatics Centre - Synchro swimming pool,Centre Aquatique Maria Lenk - Natation synchronisé,Centro Aquático Maria Lenk - Nado sincronizado,Centro Acuático Maria Lenk - Piscina Nado sincro.,AQCSY1,
SY2,FUR,,N,Federal University of Rio - SY,Uni de Rio de Janeiro -synchro,Federal University of Rio - SY,Federal University of Rio - SY,Federal University of Rio - Synchronised Swimming,Université fédérale de Rio de Janeiro - synchro,Federal University of Rio - Synchronised Swimming,Federal University of Rio - Synchronised Swimming,,
T00,OTN,1,Y,Olympic Tennis Centre - CC,Ctr Olympique de Tennis - Ctr,Ctr. Olímpico de Tênis-Qdr Ctr,Ctro Olímpico de Tenis-Central,Olympic Tennis Centre - Centre Court,Centre Olympique de Tennis - Court central,Centro Olímpico de Tênis - Quadra Central,Centro Olímpico de Tenis - Cancha central,OTNTE1,
T01,OTN,2,Y,Olympic Tennis Centre-Court 1,Ctr Olympique de Tennis - Crt1,Centro Olímpico de Tênis-Qdr 1,Ctro Olímpico de Tenis-Canc. 1,Olympic Tennis Centre - Court 1,Centre Olympique de Tennis - Court nº1,Centro Olímpico de Tênis - Quadra 1,Centro Olímpico de Tenis - Cancha 1,OTNTE1,
T02,OTN,3,Y,Olympic Tennis Centre-Court 2,Ctr Olympique de Tennis - Crt2,Centro Olímpico de Tênis-Qdr 2,Ctro Olímpico de Tenis-Canc. 2,Olympic Tennis Centre - Court 2,Centre Olympique de Tennis - Court nº2,Centro Olímpico de Tênis - Quadra 2,Centro Olímpico de Tenis - Cancha 2,OTNTE1,
T03,OTN,4,Y,Olympic Tennis Centre-Court 3,Ctr Olympique de Tennis - Crt3,Centro Olímpico de Tênis-Qdr 3,Ctro Olímpico de Tenis-Canc. 3,Olympic Tennis Centre - Court 3,Centre Olympique de Tennis - Court nº3,Centro Olímpico de Tênis - Quadra 3,Centro Olímpico de Tenis - Cancha 3,OTNTE1,
T04,OTN,5,Y,Olympic Tennis Centre-Court 4,Ctr Olympique de Tennis - Crt4,Centro Olímpico de Tênis-Qdr 4,Ctro Olímpico de Tenis-Canc. 4,Olympic Tennis Centre - Court 4,Centre Olympique de Tennis - Court nº4,Centro Olímpico de Tênis - Quadra 4,Centro Olímpico de Tenis - Cancha 4,OTNTE1,
T05,OTN,6,Y,Olympic Tennis Centre-Court 5,Ctr Olympique de Tennis - Crt5,Centro Olímpico de Tênis-Qdr 5,Ctro Olímpico de Tenis-Canc. 5,Olympic Tennis Centre - Court 5,Centre Olympique de Tennis - Court nº5,Centro Olímpico de Tênis - Quadra 5,Centro Olímpico de Tenis - Cancha 5,OTNTE1,
T06,OTN,7,Y,Olympic Tennis Centre-Court 6,Ctr Olympique de Tennis - Crt6,Centro Olímpico de Tênis-Qdr 6,Ctro Olímpico de Tenis-Canc. 6,Olympic Tennis Centre - Court 6,Centre Olympique de Tennis - Court nº6,Centro Olímpico de Tênis - Quadra 6,Centro Olímpico de Tenis - Cancha 6,OTNTE1,
T07,OTN,8,Y,Olympic Tennis Centre-Court 7,Ctr Olympique de Tennis - Crt7,Centro Olímpico de Tênis-Qdr 7,Ctro Olímpico de Tenis-Canc. 7,Olympic Tennis Centre - Court 7,Centre Olympique de Tennis - Court nº7,Centro Olímpico de Tênis - Quadra 7,Centro Olímpico de Tenis - Cancha 7,OTNTE1,
T08,OTN,9,Y,Olympic Tennis Centre-Court 8,Ctr Olympique de Tennis - Crt8,Centro Olímpico de Tênis-Qdr 8,Ctro Olímpico de Tenis-Canc. 8,Olympic Tennis Centre - Court 8,Centre Olympique de Tennis - Court nº8,Centro Olímpico de Tênis - Quadra 8,Centro Olímpico de Tenis - Cancha 8,OTNTE1,
T09,OTN,10,Y,Olympic Tennis Centre-Court 9,Ctr Olympique de Tennis - Crt9,Centro Olímpico de Tênis-Qdr 9,Ctro Olímpico de Tenis-Canc. 9,Olympic Tennis Centre - Court 9,Centre Olympique de Tennis - Court nº9,Centro Olímpico de Tênis - Quadra 9,Centro Olímpico de Tenis - Cancha 9,OTNTE1,
T10,OTN,11,Y,Olympic Tennis Centre-TBA,Ctr Olympique de Tennis - ND,Centro Olímpico de Tênis-TBA,Ctro Olímpico de Tenis-TBA,Olympic Tennis Centre - TBA,Centre Olympique de Tennis - ND,Centro Olímpico de Tênis - TBA,Centro Olímpico de Tenis - TBA,OTNTE1,
TK1,CA3,1,Y,Carioca Arena 3 - Taekwondo,Aréna Carioca 3 - Taekwondo,Arena Carioca 3 - Taekwondo,Arena Carioca 3 - Taekwondo,Carioca Arena 3 - Taekwondo,Aréna Carioca 3 - Taekwondo,Arena Carioca 3 - Taekwondo,Arena Carioca 3 - Taekwondo,CA3TK1,
TK2,RC5,,N,Riocentro - Pavilion 5 - TK,RC5 - taekwondo,Riocentro - Pavilion 5 - TK,Riocentro - Pavilion 5 - TK,Riocentro - Pavilion 5 - Taekwondo,Riocentro - pavilion 5 - taekwondo,Riocentro - Pavilion 5 - Taekwondo,Riocentro - Pavilion 5 - Taekwondo,,
TM3,TM3,,N,SESI Manaus Training Site,Site entrain. SESI Manaus,SESI Manaus Training Site,SESI Manaus Training Site,SESI Manaus Training Site,Site d'entrainement SESI Manaus,SESI Manaus Training Site,SESI Manaus Training Site,,
TOC,TOC,,N,Technology Ops Centre,Centre op. techniques,Centro de Ope Tecnologia,Ctro de Op. de Tecnología,Technology Operations Centre,Centre des opérations techniques,Centro de Operações de Tecnologia,Centro de Operaciones de Tecnología,,
TR1,FTC,1,Y,Fort Copacabana - Triathlon,Fort de Copacabana - Triathlon,Forte de Copacabana - Triatlo,Fuerte de Copacabana-Triatlón,Fort Copacabana - Triathlon,Fort de Copacabana - Triathlon,Forte de Copacabana - Triatlo,Fuerte de Copacabana - Triatlón,FTCTR1,
TR2,TR2,,N,Toca da Raposa,Toca da Raposa,Toca da Raposa,Toca da Raposa,Toca da Raposa,Toca da Raposa,Toca da Raposa,Toca da Raposa,,
TR3,AFC,,N,Air Force Club - Triathlon,Club aéronautique - triathlon,Air Force Club - Triathlon,Air Force Club - Triathlon,Air Force Club - Triathlon,Club aéronautique - triathlon,Air Force Club - Triathlon,Air Force Club - Triathlon,,
TR4,OVP,,N,Athletes' Park - Triathlon,Parc des athletes  - triathlon,Athletes' Park - Triathlon,Athletes' Park - Triathlon,Athletes' Park - Triathlon,Parc des athletes  - triathlon,Athletes' Park - Triathlon,Athletes' Park - Triathlon,,
TR5,AFU,,N,Air Force Univ. - Triathlon,Uni armée de l'air - triathlon,Air Force Univ. - Triathlon,Air Force Univ. - Triathlon,Air Force University - Triathlon,Université de l'armée de l'air - triathlon,Air Force University - Triathlon,Air Force University - Triathlon,,
TT1,RC3,1,Y,Riocentro - Pavilion 3-TT Tbl1,Riocentro - Pavillion 3-TT T1,Riocentro - Pavilhão 3 - TT M1,Riocentro-Pabellón 3-TT Mesa 1,Riocentro - Pavilion 3 - Table Tennis - Table 1,Riocentro - Pavillion 3 - Tennis de table-Table 1,Riocentro - Pavilhão 3 - Tênis de Mesa - Mesa 1,Riocentro - Pabellón 3 - Tenis de mesa - Mesa 1,RC3TT1,
TT2,RC3,2,Y,Riocentro - Pavilion 3-TT Tbl2,Riocentro - Pavillion 3-TT T2,Riocentro - Pavilhão 3 - TT M2,Riocentro-Pabellón 3-TT Mesa 2,Riocentro - Pavilion 3 - Table Tennis - Table 2,Riocentro - Pavillion 3 - Tennis de table-Table 2,Riocentro - Pavilhão 3 - Tênis de Mesa - Mesa 2,Riocentro - Pabellón 3 - Tenis de mesa - Mesa 2,RC3TT1,
TT3,RC3,3,Y,Riocentro - Pavilion 3-TT Tbl3,Riocentro - Pavillion 3-TT T3,Riocentro - Pavilhão 3 - TT M3,Riocentro-Pabellón 3-TT Mesa 3,Riocentro - Pavilion 3 - Table Tennis - Table 3,Riocentro - Pavillion 3 - Tennis de table-Table 3,Riocentro - Pavilhão 3 - Tênis de Mesa - Mesa 3,Riocentro - Pabellón 3 - Tenis de mesa - Mesa 3,RC3TT1,
TT4,RC3,4,Y,Riocentro - Pavilion 3-TT Tbl4,Riocentro - Pavillion 3-TT T4,Riocentro - Pavilhão 3 - TT M4,Riocentro-Pabellón 3-TT Mesa 4,Riocentro - Pavilion 3 - Table Tennis - Table 4,Riocentro - Pavillion 3 - Tennis de table-Table 4,Riocentro - Pavilhão 3 - Tênis de Mesa - Mesa 4,Riocentro - Pabellón 3 - Tenis de mesa - Mesa 4,RC3TT1,
UAC,UAC,,N,Uniform and ACR Ctr.,Ctre d'ACR et d'uniformes,Ctr. de Uniformes e ACR,Ctro Uniformes y ACR,Uniform and Accreditation Centre,Centre d'accréditation et d'uniformes,Centro de Uniformes e Credenciamento,Centro de Uniformes y Acreditación,,
VL1,OLV,,N,Plaza,Plaza,Plaza,Plaza,Plaza,Plaza,Plaza,Plaza,,
VL2,OLV,,N,Residential Park,Parc résidentiel,Residential Park,Residential Park,Residential Park,Parc résidentiel,Residential Park,Residential Park,,
VL3,OLV,,N,Plaza and Residential Zone,Plaza et zone résidentielle,Plaza and Residential Zone,Plaza and Residential Zone,Plaza and Residential Zone,Plaza et zone résidentielle,Plaza and Residential Zone,Plaza and Residential Zone,,
VL4,OLV,,N,Residential Zone,Zone résidentielle,Residential Zone,Residential Zone,Residential Zone,Zone résidentielle,Residential Zone,Residential Zone,,
VO1,MNZ,1,Y,Maracanãzinho - Volleyball,Maracanãzinho - Volleyball,Maracanãzinho - Voleibol,Maracanãzinho - Voleibol,Maracanãzinho - Volleyball,Maracanãzinho - Volleyball,Maracanãzinho - Voleibol,Maracanãzinho - Voleibol,MNZVO1,
VO2,AFC,,N,Air Force Club - Volleyball,Club aéronautique - volleyball,Air Force Club - Volleyball,Air Force Club - Volleyball,Air Force Club - Volleyball,Club aéronautique - volleyball,Air Force Club - Volleyball,Air Force Club - Volleyball,,
VO3,AFU,,N,Air Force Univ. - Volleyball,Uni armée de l'air- volleyball,Air Force Univ. - Volleyball,Air Force Univ. - Volleyball,Air Force University - Volleyball,Université de l'armée de l'air - volleyball,Air Force University - Volleyball,Air Force University - Volleyball,,
VO4,PEC,,N,Physical Ed. Centre CEFAN - VO,Ctr d'édu physique (CEFAN) -VO,Physical Ed. Centre CEFAN - VO,Physical Ed. Centre CEFAN - VO,Physical Education Centre CEFAN - Volleyball,Centre d'éducation physique (CEFAN) - volleyball,Physical Education Centre CEFAN - Volleyball,Physical Education Centre CEFAN - Volleyball,,
WL1,RC2,1,Y,Riocentro - Pavilion 2 - WL,Riocentro - Pavillion 2 - WL,Riocentro - Pavilhão 2 - WL,Riocentro - Pabellón 2 - WL,Riocentro - Pavilion 2 - Weightlifting,Riocentro - Pavillion 2 - Haltérophilie,Riocentro - Pavilhão 2 - Levantamento de Peso,Riocentro - Pabellón 2 - Levantamiento de pesas,RC2WL1,
WL2,RC5,,N,Riocentro - Pavilion 5 - WL,RC5 - haltérophilie,Riocentro - Pavilion 5 - WL,Riocentro - Pavilion 5 - WL,Riocentro - Pavilion 5 - Weightlifting,Riocentro - pavilion 5 - haltérophilie,Riocentro - Pavilion 5 - Weightlifting,Riocentro - Pavilion 5 - Weightlifting,,
WP1,OAS,1,Y,Olympic Aquatics Stadium - WP,Stade Aquatique Olympique - WP,Estádio Aquático Olímpico - WP,Estadio Acuático Olímpico - WP,Olympic Aquatics Stadium - Water Polo,Stade Aquatique Olympique - Water-polo,Estádio Aquático Olímpico - Pólo Aquático,Estadio Acuático Olímpico - Polo acuático,OASWP1,
WP2,AQC,2,Y,Maria Lenk Aquatics - WP,Ctr Aquatique Maria Lenk - WP,Ctr Aquático Maria Lenk - WP,Centro Acuático Maria Lenk-WP,Maria Lenk Aquatics Centre - Water Polo,Centre Aquatique Maria Lenk - Water-polo,Centro Aquático Maria Lenk - Pólo Aquático,Centro Acuático Maria Lenk - Polo acuático,AQCWP1,
WP6,FUR,,N,Federal University of Rio - WP,Uni de Rio de Janeiro - WP,Federal University of Rio - WP,Federal University of Rio - WP,Federal University of Rio - Water Polo,Université fédérale de Rio de Janeiro - water Polo,Federal University of Rio - Water Polo,Federal University of Rio - Water Polo,,
WP7,AFU,,N,Air Force Univ. - Water Polo,Uni armée de l'air -water Polo,Air Force Univ. - Water Polo,Air Force Univ. - Water Polo,Air Force University - Water Polo,Université de l'armée de l'air - water Polo,Air Force University - Water Polo,Air Force University - Water Polo,,
WP8,PEC,,N,Physical Ed. Centre CEFAN - WP,Ctr d'édu physique (CEFAN) -WP,Physical Ed. Centre CEFAN - WP,Physical Ed. Centre CEFAN - WP,Physical Education Centre CEFAN - Water Polo,Centre d'éducation physique (CEFAN) - water Polo,Physical Education Centre CEFAN - Water Polo,Physical Education Centre CEFAN - Water Polo,,
WR2,OVP,,N,Athletes' Park - WR,Parc des athletes - lutte,Athletes' Park - WR,Athletes' Park - WR,Athletes' Park - Wrestling,Parc des athletes - lutte,Athletes' Park - Wrestling,Athletes' Park - Wrestling,,
WRA,CA2,1,Y,Carioca Arena 2 - WR Mat A,Aréna Carioca 2 - WR Tapis A,Arena Carioca 2 - WR Tatame A,Arena Carioca 2 - WR Tatami A,Carioca Arena 2 - Wrestling Mat A,Aréna Carioca 2 - Lutte Tapis A,Arena Carioca 2 - Luta Olímpica Tatame A,Arena Carioca 2 - Lucha Tatami A,CA2WR1,
WRB,CA2,2,Y,Carioca Arena 2 - WR Mat B,Aréna Carioca 2 - WR Tapis B,Arena Carioca 2 - WR Tatame B,Arena Carioca 2 - WR Tatami B,Carioca Arena 2 - Wrestling Mat B,Aréna Carioca 2 - Lutte Tapis B,Arena Carioca 2 - Luta Olímpica Tatame B,Arena Carioca 2 - Lucha Tatami B,CA2WR1,
WRC,CA2,3,Y,Carioca Arena 2 - WR Mat C,Aréna Carioca 2 - WR Tapis C,Arena Carioca 2 - WR Tatame C,Arena Carioca 2 - WR Tatami C,Carioca Arena 2 - Wrestling Mat C,Aréna Carioca 2 - Lutte Tapis C,Arena Carioca 2 - Luta Olímpica Tatame C,Arena Carioca 2 - Lucha Tatami C,CA2WR1,
WWS,WWS,,Y,Whitewater Stadium,Stade de Canoë Slalom,Estádio de Canoagem Slalom,Estadio de Canotaje Slalom,Whitewater Stadium,Stade de Canoë Slalom,Estádio de Canoagem Slalom,Estadio de Canotaje Slalom,WWSCS1,
XCD,XCD,,N,X-Park Common Domain,Zone publique du X-Park,Área Comum do X-Park ,Espacio Común del X-Park,X-Park Common Domain,Zone publique du Parc Radical,Área Comum do Parque Radical,Espacio Común del Parque Radical,,
YOA,YOA,,Y,Youth Arena,Arène de la Jeunesse,Arena da Juventude,Arena de la Juventud,Youth Arena,Arène de la Jeunesse,Arena da Juventude,Arena de la Juventud,,
